序号,账号名,sec\_uid
1,**淘淘子**,`MS4wLjABAAAAF55VXn2Qj5pMh0PTyD-IG71GiSLs2U7YtbKtsA-oblA`
2,**顶妈私房早餐**,`MS4wLjABAAAATeQUszhzY6JjMfJy1Gya6ao5gGD66Gg1I_9vcJC-y9dfNHKtcXaQ-Mu0K1SPy8EK`
3,**深圳蓝蒂蔻Gina**,`MS4wLjABAAAA3XsMOiah1EsT6TSzoqMjlgH4GdMhoBCLwunPVyUP34y-EbUgIV04OU2dnpImMfHq`
4,**梁宸瑜·无价之姐**,`MS4wLjABAAAAErFzzalv2271brW_cK7vbdLX67B8zOw2ReVYJ72GyoPu2AbZnT3QYNpq4uyxePWr`
5,**Olga姐姐**,`MS4wLjABAAAAWwcXLQaOlIV4k04tSI4xYaYmCzRZt1a9_IDDutj7Wzra_yNzBUDrPQgV8UVJ_dsH`
6,**张琦老师**,`MS4wLjABAAAAfmygSsGTU3RIctsoi4vcbWkAQaMRi_KwtQh1bP7WCzf1k0yydcLtKQj7kE-FSwsJ`
7,**崔璀优势星球**,`MS4wLjABAAAAHu4SbvaUZQ1GN2WgySRB6G4nmvUvWxD2fNLzvDKOkOAmqxZkQ5fJtx0ZhANSST7V`
8,**王潇\_潇洒姐**,`MS4wLjABAAAAbDuwvhxdzfp009rDpY1mj4NmPu_A_Txsi9SP6Ybz3Bk`
9,**张萌萌姐**,`MS4wLjABAAAAvrhmrhhYvc4eJvqu_0MStkyBihmGdJZCBl_JVZ0AulE`
10,**清华陈晶聊商业**,`MS4wLjABAAAAV5oVsV-RjxHKrcCuqQotWtHvT8_Y7z_aQnTvT61slic`
11,**Dada人物圈**,`MS4wLjABAAAAnTsmfVQNtopff5MrXYMf9y2oVrZ9usIHaCOb_6T1mVo`
12,**赵三观**,`MS4wLjABAAAA7hiENPfyARPotUS0FootY0s1Qg51l4X3gvkXEKYUHas`
13,**程前Jason**,`MS4wLjABAAAAoGgpFqfuSXAjeMy21Qk8Pn1NvaSukBN7vCipz3xsPOU`
14,**群响刘思毅**,`MS4wLjABAAAAO_KKPhlqsPDzmTIxBFSFUX5Hjuj8Y94gHQpJgqHlub0`
15,**透透糖**,`MS4wLjABAAAAZXgVjvDmWo_ipGRJnXwFREdhkG29krGiVSwIQhzIrDA`
16,**房琪kiki**,`MS4wLjABAAAAHAlF09yQrLMxW8wyJUO0NGlrsE7O0_9yTki_BkZM16g`
17,**杨天真**,`MS4wLjABAAAAB1lxLcDT1n51dY3jyB-VQACgN0gbYWGxvSdiE0DWYLY`